"story_id","feature_area","feature","source_refs","user_story","expected_behavior","feature_status","test_status","test_evidence","last_verified_utc","observed_errors","fix_status","retest_status","notes"
"TRACK-001","QA tracking","Canonical feature and user-story tracker","AGENTS.md; docs/agentic-qa-policy.md; docs/user-story-feature-status.csv; scripts/qa/validate-user-story-tracker.py","As a maintainer, I want one canonical spreadsheet for feature stories, expected behavior, test status, errors, fixes, and retests so agent work does not fragment across notes.","This CSV remains the single canonical status artifact for the active full-repo user-story audit; rows are updated in place as testing, errors, fixes, and retests happen, and a validator rejects malformed rows, duplicate IDs, unknown statuses, missing evidence, bad verification dates, and non-passed rows without context.","tested-pass","passed","`python3 scripts/qa/validate-user-story-tracker.py` and `make qa-user-story-tracker` passed, validating the canonical CSV header, unique story IDs, allowed statuses, required story/evidence fields, YYYY-MM-DD verification dates, passed/retest consistency, and context for every non-passed row.","2026-06-25","","test-coverage-added","passed","Do not create parallel status spreadsheets for this goal."
"CLI-001","CLI lifecycle","Run local dataflow","README.md; docs/cli.md; binaries/cli/src/command/run.rs; tests/example-smoke.rs; tests/hub-smoke.rs","As a robotics developer, I want to run a dataflow locally without starting a coordinator or daemon so I can iterate quickly.","`dora run <PATH>` builds or resolves the descriptor as needed, runs the dataflow locally, honors options such as `--stop-after`, and returns non-zero when the dataflow fails.","tested-pass","passed","`cargo test -p dora-examples --test hub-smoke -- --test-threads=1` passed 25 tests with escalation; `hub_end_to_end` runs `dora run <flow>` for a hermetic hub-backed dataflow and asserts the node output, and `hub_run_override_executes_local_source` verifies `dora run --hub-override` executes the local checkout.","2026-06-25","Sandbox full hub-smoke failed on `dora run` paths because Zenoh could not create a POSIX shared-memory segment; escalated rerun passed.","none","passed","`example-smoke` local `--stop-after` variants remain broader example coverage and were not rerun in this pass."
"CLI-002","CLI lifecycle","Start local coordinator and daemon","README.md; binaries/cli/src/command/up.rs; tests/ws-cli-e2e.rs","As an operator, I want `dora up` to start the coordinator and daemon so distributed commands can work on my machine.","`dora up` starts or reuses a coordinator at the configured address and starts a daemon if one is not connected; it reports startup failures with actionable hints.","tested-pass","passed","`cargo test --test ws-cli-e2e real_dataflow::e2e_start_list_stop -- --test-threads=1` passed with escalation; the test calls `dora up` through `start_cluster` and asserts startup success before running distributed commands.","2026-06-25","Requires real local services, sockets, and Zenoh shared memory, so the test was run outside the sandbox.","none","passed",""
"CLI-003","CLI lifecycle","Tear down coordinator and daemon","README.md; binaries/cli/src/command/down.rs; binaries/cli/src/command/up.rs; tests/ws-cli-e2e.rs","As an operator, I want `dora down` or `dora destroy` to tear down local Dora services so no stale processes remain.","`dora down` connects to the coordinator, sends destroy, stops daemons and dataflows, and prints a success message; missing coordinator is reported as an error with a startup hint.","tested-pass","passed","`./target/debug/dora up` passed with escalation and reported started coordinator and daemon; `./target/debug/dora down` then passed and printed `Coordinator and daemons destroyed successfully`.","2026-06-25","Requires real local services, sockets, and Zenoh shared memory, so the commands were run outside the sandbox.","none","passed",""
"CLI-004","CLI lifecycle","Build dataflow","README.md; docs/cli.md; binaries/cli/src/command/build; tests/example-smoke.rs; tests/hub-smoke.rs","As a developer, I want `dora build <PATH>` to execute descriptor build steps and resolve hub or git sources before I run a dataflow.","`dora build` validates and expands descriptors, resolves local/git/url/hub sources, honors lockfile and offline flags, and fails on invalid build inputs.","tested-pass","passed","`cargo run --quiet -p dora-cli -- build examples/rust-dataflow/dataflow.yml` passed and ran the Rust example node build commands. The full escalated `hub-smoke` suite passed and covers hub-backed `build --write-lockfile`, locked/offline build, and publish-then-build flows. `cargo run --quiet -p dora-cli -- build examples/rust-dataflow-git/dataflow.yml` passed with escalation, reused the pinned Git clone, and built the three referenced Rust packages. `cargo test -p dora-cli resolve_dataflow_downloads_url_to_current_dir` passed with escalation after adding URL dataflow download coverage.","2026-06-25","Git build and URL download validation require network/socket-capable execution; sandboxed URL test failed at localhost bind and escalated rerun passed.","test-coverage-added","passed",""
"CLI-005","CLI lifecycle","Start dataflow on coordinator","README.md; binaries/cli/src/command/start; tests/ws-cli-e2e.rs","As an operator, I want `dora start <PATH>` to start a dataflow on the running coordinator so it can be managed remotely.","`dora start` sends the built descriptor to the coordinator, supports attached or detached execution, and returns the dataflow id or foreground result depending on mode.","tested-pass","passed","`cargo test --test ws-cli-e2e real_dataflow::e2e_start_list_stop -- --test-threads=1` passed with escalation; the test runs `dora start examples/rust-dataflow/dataflow.yml --detach` and asserts success.","2026-06-25","Requires real local services, sockets, and Zenoh shared memory, so the test was run outside the sandbox.","none","passed",""
"CLI-006","CLI lifecycle","Stop running dataflow","README.md; binaries/cli/src/command/stop.rs; tests/ws-cli-e2e.rs","As an operator, I want to stop one or all running dataflows so I can safely shut down work.","`dora stop <ID|NAME>` stops the requested dataflow, `--all` stops all running dataflows, and no-running-dataflow cases print a useful list hint.","tested-pass","passed","`cargo test --test ws-cli-e2e real_dataflow::e2e_start_list_stop -- --test-threads=1` passed with escalation after adding an assertion that `dora stop --all` exits successfully.","2026-06-25","Requires real local services, sockets, and Zenoh shared memory, so the test was run outside the sandbox.","test-coverage-added","passed",""
"CLI-007","CLI lifecycle","Restart dataflow","README.md; binaries/cli/src/command/restart.rs; docs/cli-command-coverage.md","As an operator, I want to restart a dataflow by id or name so I can recover without manually retyping descriptor paths.","`dora restart` stops and restarts the stored descriptor for the target dataflow and reports target resolution errors clearly.","tested-pass","passed","`cargo test --test ws-cli-e2e clean_status_cli::cli_restart_sends_restart_by_name_request -- --test-threads=1` passed with escalation after adding a subprocess websocket mock test; it verifies `dora restart --name vision-pipeline --grace-duration 2s` and `dora restart --name vision-pipeline --force` send `RestartByName` with the expected strategy and print the old/new UUID reply.","2026-06-25","Requires local websocket mock ports and dora subprocesses, so the test was run outside the sandbox.","none","passed",""
"CLI-008","CLI monitoring","List dataflows","README.md; binaries/cli/src/command/list.rs; tests/ws-cli-e2e.rs","As an operator, I want to list dataflows and filter by status so I can see what is running, finished, or failed.","`dora list` and alias `dora ps` show dataflow id, name, status, node count, CPU, and memory where available; JSON output is parseable.","tested-pass","passed","`cargo test --test ws-cli-e2e real_dataflow::e2e_start_list_stop -- --test-threads=1` passed with escalation; the test runs `dora list` after starting a dataflow and asserts it reports a terminal or running dataflow status.","2026-06-25","Requires real local services, sockets, and Zenoh shared memory, so the test was run outside the sandbox.","none","passed","JSON output remains covered by lower-level list/clean/status tests; this row verifies real subprocess table behavior."
"CLI-009","CLI monitoring","Clean finished and failed dataflows","README.md; binaries/cli/src/command/clean.rs; tests/ws-cli-e2e.rs; docs/cli-command-coverage.md","As an operator, I want to remove finished and failed dataflows from coordinator state so old records and logs do not accumulate.","`dora clean` removes finished and failed records, leaves running records intact, supports table, JSON, and quiet output, and exits non-zero if persisted-store cleanup fails.","tested-pass","passed","`cargo test --test ws-cli-e2e clean_status_cli -- --test-threads=1` passed 6 tests; clean-specific tests cover default table, JSON, quiet output, persisted deletion, and persisted enumeration failure.","2026-06-25","Previous subprocess coverage gap documented in docs/cli-command-coverage.md.","test-coverage-added","passed","No production code change required."
"CLI-010","CLI monitoring","Show dataflow or node logs","README.md; binaries/cli/src/command/logs.rs; docs/logging.md; tests/ws-cli-e2e.rs","As an operator, I want to view dataflow and node logs so I can diagnose runtime failures.","`dora logs` resolves the target dataflow, supports node filtering and all-node modes, and prints logs without conflicting positional and flag targets.","tested-pass","passed","`timeout 90s ../../target/debug/dora run dataflow.yml --stop-after 3s` passed from `examples/rust-dataflow`; `../../target/debug/dora logs --local --node rust-node --tail 5` then passed and printed recent rust-node log lines.","2026-06-25","The short run emitted a clean-teardown Zenoh session-closed log line in rust-node logs; log retrieval itself succeeded.","none","passed",""
"CLI-011","CLI monitoring","Resource monitor top","README.md; binaries/cli/src/command/inspect/top.rs; docs/debugging.md","As an operator, I want `dora top` and `dora inspect top` to show live resource usage so I can monitor CPU, memory, queues, and node health.","The command displays a TUI by default and supports one-shot output for scriptable monitoring; it reports unavailable metrics gracefully.","tested-pass","passed","`DORA_QA_CLI_BIN=target/debug/dora scripts/qa/ci-nightly-jobs.sh topic-and-top-smoke` passed with escalation; the helper asserts `dora top --once` produces a JSON array before starting the debug fixture.","2026-06-25","Requires real local services, sockets, Python venv setup, and the update-check metadata path, so the smoke was run outside the sandbox.","none","passed",""
"CLI-012","CLI topics","List topics","README.md; binaries/cli/src/command/topic/list.rs; docs/websocket-topic-data-channel.md","As a developer, I want to list topics in a running dataflow so I can discover available outputs for inspection.","`dora topic list` requires debug inspection where needed, resolves the dataflow, and prints available topic selectors.","tested-pass","passed","`DORA_QA_CLI_BIN=target/debug/dora scripts/qa/ci-nightly-jobs.sh topic-and-top-smoke` passed with escalation; the helper starts `tests/fixtures/zenoh-debug-dataflow.yml` and asserts `dora topic list -d tui-smoke --format json` emits NDJSON containing `ticker/count`.","2026-06-25","Requires real local services, sockets, Python venv setup, and the update-check metadata path, so the smoke was run outside the sandbox.","none","passed",""
"CLI-013","CLI topics","Echo topic messages","README.md; binaries/cli/src/command/topic/echo.rs; tests/ws-cli-e2e.rs","As a developer, I want to echo live topic messages so I can inspect data emitted by nodes.","`dora topic echo` subscribes over the topic data channel, prints received payloads, and handles binary frames arriving immediately after subscribe acknowledgement.","tested-pass","passed","`cargo test --test ws-cli-e2e cli_topic_subscription_receives_binary_frames_immediately_after_subscribe_ack -- --test-threads=1` passed with escalation; it verifies the topic data channel delivers a binary frame immediately after subscribe acknowledgement without losing it.","2026-06-25","Sandbox run failed because the mock topic WebSocket server could not bind a local socket; escalated rerun passed.","none","passed",""
"CLI-014","CLI topics","Measure topic frequency","README.md; binaries/cli/src/command/topic/hz.rs; docs/debugging.md","As a developer, I want to measure topic frequency so I can verify real-time rates.","`dora topic hz` subscribes to the selected topic, computes message frequency, and presents TUI or scriptable output without crashing on no messages.","tested-pass","passed","`DORA_QA_CLI_BIN=target/debug/dora scripts/qa/ci-nightly-jobs.sh topic-and-top-smoke` passed with escalation; the helper asserts `dora topic hz -d tui-smoke ticker/count --duration 3` receives at least 10 samples from the 10Hz fixture.","2026-06-25","Requires real local services, sockets, Python venv setup, and the update-check metadata path, so the smoke was run outside the sandbox.","none","passed",""
"CLI-015","CLI topics","Show topic metadata","README.md; binaries/cli/src/command/topic/info.rs; docs/types.md","As a developer, I want topic metadata and schema information so I can validate connections and data types.","`dora topic info` resolves the topic and reports type, source, and metadata where available.","tested-pass","passed","`DORA_QA_CLI_BIN=target/debug/dora scripts/qa/ci-nightly-jobs.sh topic-and-top-smoke` passed with escalation; the helper asserts `dora topic info -d tui-smoke ticker/count --duration 3` contains `ticker/count` and reports at least 10 total messages.","2026-06-25","Requires real local services, sockets, Python venv setup, and the update-check metadata path, so the smoke was run outside the sandbox.","none","passed",""
"CLI-016","CLI topics","Publish topic data","README.md; binaries/cli/src/command/topic/pub_.rs; binaries/cli/src/command/mod.rs","As a developer, I want to publish JSON or file data to a topic so I can manually stimulate a running dataflow.","`dora topic pub` requires either inline JSON data or `--file`, parses JSON, targets a dataflow, and reports publish errors clearly.","tested-pass","passed","`DORA_QA_CLI_BIN=target/debug/dora scripts/qa/ci-nightly-jobs.sh topic-and-top-smoke` passed with escalation; the helper asserts `dora topic pub -d tui-smoke ticker/count '42' --count 3` prints `Published message 3/3`.","2026-06-25","Requires real local services, sockets, Python venv setup, and the update-check metadata path, so the smoke was run outside the sandbox.","none","passed",""
"CLI-017","CLI node control","List nodes","README.md; binaries/cli/src/command/node/list.rs; tests/ws-cli-e2e.rs","As an operator, I want to list nodes in a running dataflow so I can see status and resource metrics per node.","`dora node list` resolves the dataflow and lists nodes with status, PID, CPU, memory, and restart count where metrics are available.","tested-pass","passed","`cargo test --test ws-cli-e2e real_dataflow::e2e_node_ -- --test-threads=1` passed 4 tests with escalation; `e2e_node_list_shows_running_nodes` starts a real dataflow and verifies `dora node list --dataflow <ID>` shows all expected nodes.","2026-06-25","Requires real local services, sockets, and Zenoh shared memory, so the test was run outside the sandbox.","none","passed",""
"CLI-018","CLI node control","Show node info","README.md; binaries/cli/src/command/node/info.rs; tests/ws-cli-e2e.rs","As an operator, I want detailed node info so I can inspect inputs, outputs, and metrics for one node.","`dora node info <NODE>` reports descriptor details and runtime metrics for the resolved node and errors when the node is missing.","tested-pass","passed","`cargo test --test ws-cli-e2e real_dataflow::e2e_node_ -- --test-threads=1` passed 4 tests with escalation; `e2e_node_info_returns_descriptor` verifies `dora node info rust-node --dataflow <ID>` includes descriptor input/output details.","2026-06-25","Requires real local services, sockets, and Zenoh shared memory, so the test was run outside the sandbox.","none","passed",""
"CLI-019","CLI dynamic topology","Add node to running dataflow","README.md; binaries/cli/src/command/node/add.rs; tests/node-lifecycle-e2e.rs","As an operator, I want to add a node from YAML to a running dataflow so I can extend topology without restart.","`dora node add --from-yaml <FILE>` validates the node descriptor, sends an add request, and reports spawn or wiring errors.","tested-pass","passed","`cargo test --test node-lifecycle-e2e lifecycle_rust_dynamic_add_remove -- --test-threads=1` passed with escalation; the test runs `dora node add --from-yaml filter-node.yml` against a live Rust dataflow and waits for the added filter node to reach Running.","2026-06-25","Requires real local services, sockets, and Zenoh shared memory, so the test was run outside the sandbox.","none","passed","Python and C++ lifecycle variants were not rerun in this pass."
"CLI-020","CLI dynamic topology","Remove node from running dataflow","README.md; binaries/cli/src/command/node/remove.rs; tests/node-lifecycle-e2e.rs","As an operator, I want to remove a node from a running dataflow so I can shrink topology without full restart.","`dora node remove <NODE>` stops and removes the node from coordinator state, updating dependent topology safely or returning an actionable error.","tested-pass","passed","`cargo test --test node-lifecycle-e2e lifecycle_rust_dynamic_add_remove -- --test-threads=1` passed with escalation; the test removes the dynamically added filter node and verifies it disappears or transitions to Stopped.","2026-06-25","Requires real local services, sockets, and Zenoh shared memory, so the test was run outside the sandbox.","none","passed","Python and C++ lifecycle variants were not rerun in this pass."
"CLI-021","CLI dynamic topology","Connect running nodes","README.md; binaries/cli/src/command/node/connect.rs; tests/node-lifecycle-e2e.rs","As an operator, I want to connect an output to an input in a running dataflow so new live mappings can be created.","`dora node connect <SRC> <DST>` validates selectors, updates routing, and fails clearly on unknown nodes, outputs, or inputs.","tested-pass","passed","`cargo test --test node-lifecycle-e2e lifecycle_rust_dynamic_add_remove -- --test-threads=1` passed with escalation; the test connects `sender/value -> filter/input` and `filter/output -> receiver/filtered` and asserts the success lines.","2026-06-25","Requires real local services, sockets, and Zenoh shared memory, so the test was run outside the sandbox.","none","passed","Python and C++ lifecycle variants were not rerun in this pass."
"CLI-022","CLI dynamic topology","Disconnect running nodes","README.md; binaries/cli/src/command/node/disconnect.rs; tests/node-lifecycle-e2e.rs","As an operator, I want to disconnect a live mapping so I can remove a route without restarting the dataflow.","`dora node disconnect <SRC> <DST>` removes the mapping and reports missing mapping or target errors without corrupting remaining routes.","tested-pass","passed","`cargo test --test node-lifecycle-e2e lifecycle_rust_dynamic_add_remove -- --test-threads=1` passed with escalation; the test disconnects `filter/output -x- receiver/filtered` and verifies a duplicate disconnect errors with `not found`.","2026-06-25","Requires real local services, sockets, and Zenoh shared memory, so the test was run outside the sandbox.","none","passed","Python and C++ lifecycle variants were not rerun in this pass."
"CLI-023","CLI node control","Restart one node","README.md; binaries/cli/src/command/node/restart.rs; tests/ws-cli-e2e.rs","As an operator, I want to restart one node so I can recover a component without restarting the whole dataflow.","`dora node restart <NODE>` resolves the dataflow, applies the optional grace duration, respawns the node, and reports restart progress or target errors.","tested-pass","passed","`cargo test --test ws-cli-e2e real_dataflow::e2e_node_ -- --test-threads=1` passed 4 tests with escalation; `e2e_node_restart_increments_counter` verifies restart command success and restart confirmation for a real node.","2026-06-25","Requires real local services, sockets, and Zenoh shared memory, so the test was run outside the sandbox.","none","passed",""
"CLI-024","CLI node control","Stop one node","README.md; binaries/cli/src/command/node/stop.rs; tests/ws-cli-e2e.rs","As an operator, I want to stop one node so I can intentionally pause or terminate a component.","`dora node stop <NODE>` resolves the target, applies optional grace, reports a stopped confirmation, and leaves other nodes managed by the coordinator.","tested-pass","passed","`cargo test --test ws-cli-e2e real_dataflow::e2e_node_ -- --test-threads=1` passed 4 tests with escalation; `e2e_node_stop_exits_cleanly` verifies `dora node stop rust-sink --dataflow <ID>` succeeds and prints a stop confirmation.","2026-06-25","Requires real local services, sockets, and Zenoh shared memory, so the test was run outside the sandbox.","none","passed",""
"CLI-025","CLI parameters","List runtime parameters","README.md; binaries/cli/src/command/param/list.rs; tests/ws-cli-e2e.rs","As an operator, I want to list a node's runtime parameters so I can inspect current tunables.","`dora param list <NODE>` returns all stored parameters for the node in table or JSON format and errors on unknown targets.","tested-pass","passed","`cargo test --test ws-cli-e2e param_cli -- --test-threads=1` passed with escalation; `cli_param_crud_via_subprocess` verifies `dora param list sensor -d <ID>` prints `rate = 100` and `--format json` emits parseable JSON with `rate: 100`.","2026-06-25","Sandbox run failed because the local coordinator WebSocket server could not bind a socket; escalated rerun passed.","none","passed",""
"CLI-026","CLI parameters","Get runtime parameter","README.md; binaries/cli/src/command/param/get.rs; tests/ws-cli-e2e.rs","As an operator, I want to get one runtime parameter value so I can confirm a setting.","`dora param get <NODE> <KEY>` prints the JSON value and exits non-zero if the key or target does not exist.","tested-pass","passed","`cargo test --test ws-cli-e2e param_cli -- --test-threads=1` passed with escalation; `cli_param_crud_via_subprocess` verifies `dora param get sensor rate -d <ID>` prints `100` and exits nonzero after the key is deleted.","2026-06-25","Sandbox run failed because the local coordinator WebSocket server could not bind a socket; escalated rerun passed.","none","passed",""
"CLI-027","CLI parameters","Set runtime parameter","README.md; binaries/cli/src/command/param/set.rs; tests/ws-cli-e2e.rs","As an operator, I want to set runtime parameters with JSON values so nodes can be tuned live.","`dora param set <NODE> <KEY> <VALUE>` parses VALUE as JSON, stores it through the control plane, confirms success, and rejects invalid JSON.","tested-pass","passed","`cargo test --test ws-cli-e2e param_cli -- --test-threads=1` passed with escalation; `cli_param_crud_via_subprocess` verifies `dora param set sensor rate 100 -d <ID>` succeeds with confirmation, and `cli_param_set_rejects_non_json_value` verifies bare `hello` is rejected with an invalid JSON error.","2026-06-25","Sandbox run failed because the local coordinator WebSocket server could not bind a socket; escalated rerun passed.","none","passed",""
"CLI-028","CLI parameters","Delete runtime parameter","README.md; binaries/cli/src/command/param/delete.rs; tests/ws-cli-e2e.rs","As an operator, I want to delete a runtime parameter so the node no longer sees that override.","`dora param delete <NODE> <KEY>` removes the key and confirms deletion; later get should fail for the removed key.","tested-pass","passed","`cargo test --test ws-cli-e2e param_cli -- --test-threads=1` passed with escalation; `cli_param_crud_via_subprocess` verifies `dora param delete sensor rate -d <ID>` prints a deletion confirmation and a later get exits nonzero.","2026-06-25","Sandbox run failed because the local coordinator WebSocket server could not bind a socket; escalated rerun passed.","none","passed",""
"CLI-029","CLI record/replay","Record dataflow messages","README.md; binaries/cli/src/command/record.rs; libraries/recording; tests/example-smoke.rs","As a developer, I want to record selected messages to a `.drec` file so I can reproduce runs offline.","`dora record <PATH>` starts a recorder node, can filter topics, can emit modified YAML, and writes a recording file compatible with replay.","tested-pass","passed","`DORA_QA_CLI_BIN=target/debug/dora scripts/qa/ci-nightly-jobs.sh record-replay` passed with escalation; it recorded `rust-node/random` and `rust-status-node/status` from `examples/rust-dataflow/dataflow.yml`, produced a non-empty 63807-byte `run.drec`, and removed it after replay.","2026-06-25","Requires real local services, sockets, and Zenoh shared memory, so the smoke was run outside the sandbox.","none","passed",""
"CLI-030","CLI record/replay","Replay recorded messages","README.md; binaries/cli/src/command/replay.rs; binaries/replay-node; tests/example-smoke.rs","As a developer, I want to replay `.drec` recordings at controlled speed so regression tests can run offline.","`dora replay <FILE>` reads recording metadata, supports speed, loop, replacement nodes, and output YAML generation.","tested-pass","passed","`DORA_QA_CLI_BIN=target/debug/dora scripts/qa/ci-nightly-jobs.sh record-replay` passed with escalation; after recording, it replayed the `.drec`, replaced `rust-node` and `rust-status-node`, and both replay nodes reported 100 replayed messages before the helper printed `PASS: record-replay`.","2026-06-25","Replay emitted a non-fatal type warning for `rust-status-node` after source-node replacement; the command completed successfully.","none","passed",""
"CLI-031","CLI tracing","List traces","README.md; binaries/cli/src/command/trace/list.rs; docs/debugging.md","As an operator, I want to list captured traces so I can choose a trace to inspect without external infrastructure.","`dora trace list` queries coordinator span storage and displays recent trace ids and summaries.","tested-pass","passed","`DORA_QA_CLI_BIN=target/debug/dora scripts/qa/ci-nightly-jobs.sh topic-and-top-smoke` passed with escalation; the helper asserts `dora trace list` on an empty coordinator prints `No traces captured yet.`.","2026-06-25","Requires real local services, sockets, Python venv setup, and the update-check metadata path, so the smoke was run outside the sandbox.","none","passed",""
"CLI-032","CLI tracing","View trace","README.md; binaries/cli/src/command/trace/view.rs; docs/debugging.md","As an operator, I want to view one trace by id prefix so I can diagnose distributed lifecycle timing.","`dora trace view <ID>` resolves full or prefix ids, prints spans in a readable form, and reports ambiguous or missing ids clearly.","tested-pass","passed","`DORA_QA_CLI_BIN=target/debug/dora scripts/qa/ci-nightly-jobs.sh topic-and-top-smoke` passed with escalation; the helper asserts absent UUID output (`No spans found for this trace.`) and non-zero unresolved-prefix output containing `no trace found matching prefix`.","2026-06-25","Requires real local services, sockets, Python venv setup, and the update-check metadata path, so the smoke was run outside the sandbox.","none","passed",""
"CLI-033","CLI diagnostics","Doctor diagnostics","README.md; binaries/cli/src/command/doctor.rs; docs/cli.md","As an operator, I want `dora doctor` to diagnose environment, connectivity, and optional dataflow health so I can fix setup issues.","`dora doctor` checks coordinator, daemon, descriptor, build tools, and runtime health, printing pass/warn/fail diagnostics.","tested-pass","passed","`./target/debug/dora up` passed with escalation; `./target/debug/dora doctor` then passed and printed PASS for CLI version, uv, coordinator reachability, daemon connection, connected machines, and dataflow counts; `./target/debug/dora down` cleaned up.","2026-06-25","Requires real local services, sockets, and Zenoh shared memory, so the commands were run outside the sandbox.","none","passed",""
"CLI-034","CLI diagnostics","Status health check","README.md; binaries/cli/src/command/system/status.rs; docs/cli-command-coverage.md","As an operator, I want `dora status` or `dora check` to report coordinator and daemon health in table or JSON form so scripts and humans can tell whether the system is ready.","`dora status` checks coordinator connectivity, daemon connectivity, optional descriptor validity, active running dataflows, emits table or JSON, and exits non-zero when health is not OK.","tested-pass","passed","`cargo test --test ws-cli-e2e clean_status_cli -- --test-threads=1` passed 6 tests; status-specific tests cover JSON output and non-zero exits for missing coordinator and missing daemon.","2026-06-25","Previous subprocess coverage gap documented in docs/cli-command-coverage.md.","test-coverage-added","passed","Healthy coordinator+daemon success path remains covered indirectly by `dora up`/doctor workflows; add a direct status-success test in a later pass if needed."
"CLI-035","CLI diagnostics","System status subcommand","README.md; binaries/cli/src/command/system/mod.rs; binaries/cli/src/command/system/status.rs; docs/cli-command-coverage.md","As an operator, I want `dora system status` to expose the same health check under the system command namespace so operational scripts have a grouped command.","`dora system status` accepts the same status options and produces the same health semantics as top-level `dora status`.","tested-pass","passed","`cargo test --test ws-cli-e2e clean_status_cli -- --test-threads=1` passed 6 tests; `cli_system_status_matches_top_level_status` asserts JSON parity with top-level status.","2026-06-25","Previous behavior gap documented in docs/cli-command-coverage.md.","test-coverage-added","passed","No production code change required."
"CLI-036","CLI setup","Generate new project or node","README.md; binaries/cli/src/command/new.rs; binaries/cli/src/template","As a new user, I want `dora new` to scaffold dataflows or nodes in supported languages so I can start quickly.","`dora new <NAME>` honors kind and language, creates expected files, and refuses unsafe or invalid paths without overwriting unintended files.","tested-pass","passed","`./target/debug/dora new codex_generated /private/tmp/dora-new-codex-20260625-2152` passed and generated a Rust dataflow with `Cargo.toml`, `dataflow.yml`, and three node crates; `./target/debug/dora new --kind node --lang python codex_py_node /private/tmp/dora-new-node-codex-20260625-2152` passed and generated Python package, README, pyproject, and tests.","2026-06-25","","none","passed","Generated files were inspected in `/private/tmp`; full template build/run remains covered by nightly `cli-tests` and was not rerun here."
"CLI-037","CLI setup","Visualize dataflow graph","README.md; binaries/cli/src/command/graph.rs; libraries/core/src/descriptor/visualize.rs","As a developer, I want a dataflow graph in Mermaid or HTML so I can understand topology visually.","`dora graph <PATH>` expands and validates a descriptor enough to render node and edge topology and writes the requested output format.","tested-pass","passed","`cargo run --quiet -p dora-cli -- graph examples/rust-dataflow/dataflow.yml --mermaid` passed and emitted Mermaid `flowchart TB` output containing `rust-node`, `rust-sink`, `rust-status-node`, timer nodes, and their edges.","2026-06-25","","none","passed",""
"CLI-038","CLI setup","Expand modules","README.md; docs/modules.md; binaries/cli/src/command/expand.rs; libraries/core/src/descriptor/expand.rs","As a developer, I want to expand module references into flat YAML so I can inspect the dataflow Dora will run.","`dora expand <PATH>` and `dora expand --module <PATH>` resolve nested modules, ports, params, and working directories into deterministic YAML.","tested-pass","passed","`cargo run --quiet -p dora-cli -- expand examples/module-dataflow/dataflow.yml` passed and emitted flat nodes `sender`, `pipeline.doubler`, `pipeline.filter`, and `receiver` with no `modules:` block.","2026-06-25","","none","passed",""
"CLI-039","CLI setup","Validate dataflow or node manifest","README.md; docs/types.md; binaries/cli/src/command/validate.rs; libraries/core/src/descriptor/validate.rs","As a developer, I want `dora validate` to catch descriptor and type errors before runtime.","`dora validate <PATH>` checks YAML schema and type annotations, `--strict-types` escalates warnings, `--node-manifest` validates hub manifests, and incompatible flags are rejected.","tested-pass","passed","`cargo run --quiet -p dora-cli -- validate examples/rust-dataflow/dataflow.yml`, `... examples/multiple-daemons/dataflow.yml`, and `... validate --strict-types examples/typed-dataflow/dataflow.yml` passed. `... validate --strict-types tests/fixtures/type-mismatch.yml` exited nonzero with the expected type mismatch warning.","2026-06-25","","none","passed","`--node-manifest` was also exercised by the Hub init smoke test for `CLI-051`."
"CLI-040","CLI utility","Generate shell completions","README.md; binaries/cli/src/command/completion.rs","As a CLI user, I want shell completions so command names, flags, and values are discoverable in my shell.","`dora completion <SHELL>` prints a valid completion script for supported shells without needing a running coordinator.","tested-pass","passed","`cargo run --quiet -p dora-cli -- completion bash` passed and emitted a 4349-line Bash completion script beginning with `_dora()` and ending with `complete -F _dora ... dora`.","2026-06-25","","none","passed",""
"CLI-041","CLI utility","Self update","README.md; binaries/cli/src/command/self_.rs","As a CLI user, I want `dora self update` to check for and install newer Dora CLI releases safely.","`dora self update` supports check-only behavior and should not mutate the binary during check-only runs.","tested-pass","passed","`DORA_QA_CLI_BIN=target/debug/dora scripts/qa/ci-nightly-jobs.sh topic-and-top-smoke` passed with escalation; the helper asserts `dora self update --check-only` enters the update-check path and returns a recognized latest/update/rate-limit outcome without installing.","2026-06-25","Requires network metadata access for the update check, so the smoke was run outside the sandbox.","none","passed",""
"CLI-042","CLI cluster","Bring up cluster","README.md; docs/distributed-deployment.md; binaries/cli/src/command/cluster/up.rs","As an operator, I want `dora cluster up <cluster.yml>` to start Dora services across machines so distributed dataflows can run.","`dora cluster up` parses machine config, uses SSH, applies labels and Zenoh peer options, and reports per-machine failures.","bypassed","bypassed-external","`cargo test -p dora-cli command::cluster::` passed 20 cluster tests covering config parsing plus local `cluster up` remote daemon command construction for machine ID, coordinator address/port, daemon listen port, Zenoh peer, labels, quiet flag, and log redirection. `cargo test -p dora-cli cluster_` also passed parser coverage for `dora cluster up cluster.yml` and missing-config rejection. Full SSH behavior still requires an SSH-capable cluster or CI fixture; coverage matrix identifies nightly cluster e2e.","2026-06-25","Full cluster up behavior was not rerun because this host has no SSH/systemd cluster fixture.","test-coverage-added","bypassed-external","External infrastructure bypass approved by user on 2026-06-25; no further local validation required for this audit."
"CLI-043","CLI cluster","Show cluster status","README.md; binaries/cli/src/command/cluster/status.rs","As an operator, I want cluster status so I can see connected daemons and active dataflows.","`dora cluster status` queries connected daemons and prints machine ids, labels, and relevant dataflow state.","tested-pass","passed","`DORA_QA_CLI_BIN=target/debug/dora scripts/qa/ci-nightly-jobs.sh cluster-smoke` passed with escalation; the helper asserted `dora cluster status` output includes the daemon table header, at least one daemon UUID row, and `Active dataflows:`.","2026-06-25","Requires real local services, sockets, and Zenoh shared memory, so the smoke was run outside the sandbox.","none","passed",""
"CLI-044","CLI cluster","Tear down cluster","README.md; binaries/cli/src/command/cluster/down.rs","As an operator, I want `dora cluster down` to stop cluster services so remote machines are cleaned up.","`dora cluster down` issues stop commands to configured machines and summarizes successes and failures.","tested-pass","passed","`DORA_QA_CLI_BIN=target/debug/dora scripts/qa/ci-nightly-jobs.sh cluster-smoke` passed with escalation; after a detached Rust dataflow completed, the helper ran `dora cluster down`, saw `Coordinator and daemons destroyed successfully`, and verified later `cluster status` no longer succeeds for the scratch CLI services.","2026-06-25","Requires real local services, sockets, and Zenoh shared memory, so the smoke was run outside the sandbox.","none","passed",""
"CLI-045","CLI cluster","Install cluster services","README.md; binaries/cli/src/command/cluster/install.rs; docs/distributed-deployment.md","As an operator, I want to install daemons as services so machines can participate after reboot.","`dora cluster install <cluster.yml>` pushes or configures service units on each machine and reports per-host install failures.","bypassed","bypassed-external","`cargo test -p dora-cli command::cluster::` passed after adding local coverage for systemd unit construction, including machine ID, coordinator address/port, daemon listen port, Zenoh peer, labels, restart policy, install target, remote install command, and single-quote escaping. `cargo test -p dora-cli cluster_` also passed parser coverage for `dora cluster install cluster.yml` and missing-config rejection. Full service installation still requires SSH/systemd-capable hosts.","2026-06-25","No local systemd/SSH behavior test is available on this host; command-line surface and remote command construction coverage were added.","test-coverage-added","bypassed-external","External infrastructure bypass approved by user on 2026-06-25; no further local validation required for this audit."
"CLI-046","CLI cluster","Uninstall cluster services","README.md; binaries/cli/src/command/cluster/uninstall.rs; docs/distributed-deployment.md","As an operator, I want to uninstall cluster services so machines can be removed cleanly.","`dora cluster uninstall <cluster.yml>` disables and removes service units without leaving stale Dora services.","bypassed","bypassed-external","`cargo test -p dora-cli command::cluster::` passed after adding local coverage that the uninstall remote command stops, disables, removes the per-machine systemd unit, and reloads systemd. `cargo test -p dora-cli cluster_` also passed parser coverage for `dora cluster uninstall cluster.yml` and missing-config rejection. Full service removal still requires SSH/systemd-capable hosts.","2026-06-25","No local systemd/SSH behavior test is available on this host; command-line surface and remote command construction coverage were added.","test-coverage-added","bypassed-external","External infrastructure bypass approved by user on 2026-06-25; no further local validation required for this audit."
"CLI-047","CLI cluster","Upgrade cluster services","README.md; binaries/cli/src/command/cluster/upgrade.rs; docs/distributed-deployment.md","As an operator, I want rolling upgrades so Dora services can be updated across machines with controlled disruption.","`dora cluster upgrade <cluster.yml>` copies the binary, restarts each machine in order, and summarizes failures without hiding partial upgrades.","bypassed","bypassed-external","`cargo test -p dora-cli command::cluster::` passed after adding local coverage for upgrade command construction: SCP uses capital `-P` for custom SSH ports, omits the port flag for default SSH, targets `/usr/local/bin/dora`, and restarts the per-machine systemd service. `cargo test -p dora-cli cluster_` also passed parser coverage for `dora cluster upgrade cluster.yml` and missing-config rejection. Full rolling upgrade still requires SSH-capable hosts and connected daemon reconnection checks.","2026-06-25","No local SSH/systemd behavior test is available on this host; command-line surface and remote command construction coverage were added.","test-coverage-added","bypassed-external","External infrastructure bypass approved by user on 2026-06-25; no further local validation required for this audit."
"CLI-048","CLI cluster","Restart dataflow in cluster","README.md; binaries/cli/src/command/cluster/restart.rs; binaries/cli/src/command/mod.rs; tests/ws-cli-e2e.rs","As an operator, I want to restart a clustered dataflow by name so production deployments can be refreshed.","`dora cluster restart <cluster.yml> <NAME>` loads cluster configuration and sends a `RestartByName` request through the coordinator; UUID lookup is not implemented for this command.","tested-pass","passed","`cargo test -p dora-cli cluster_restart` passed parse coverage; `cargo test --test ws-cli-e2e cli_cluster_restart_sends_restart_by_name_request -- --test-threads=1` passed with escalation and verifies the subprocess sends `RestartByName` and handles `DataflowRestarted`.","2026-06-25","Sandbox run failed to bind the mock coordinator socket; escalated rerun passed.","test-coverage-added","passed","This covers the local CLI/coordinator protocol behavior without requiring SSH cluster hosts."
"CLI-049","CLI Hub","Search hub packages","README.md; guide/src/hub/overview.md; binaries/cli/src/command/hub/search.rs; tests/hub-smoke.rs","As a developer, I want to search reusable nodes by query or category so I can discover packages.","`dora hub search` reads the configured index or offline cache, filters by query/category, and prints matching packages with useful metadata.","tested-pass","passed","`cargo test -p dora-cli parse_hub` passed; `cargo test -p dora-examples --test hub-smoke -- --test-threads=1` passed 25 tests with escalation, including `hub_end_to_end` search-by-keyword coverage.","2026-06-25","Sandbox full hub-smoke failed on `dora run` paths because Zenoh could not create a POSIX shared-memory segment; escalated rerun passed.","none","passed",""
"CLI-050","CLI Hub","Show hub package info","README.md; guide/src/hub/using-nodes.md; binaries/cli/src/command/hub/info.rs; tests/hub-smoke.rs","As a developer, I want package details, contracts, and examples before using a hub node.","`dora hub info <PKG[@VER]>` resolves the package and displays version, contract, source, and example dataflow information, including yanked versions when explicitly requested.","tested-pass","passed","`cargo test -p dora-cli parse_hub` passed; full `hub-smoke` passed with escalation and `hub_end_to_end` verifies info output for a hermetic local package. `dora-cli` info unit tests also cover yanked-version resolution.","2026-06-25","Sandbox full hub-smoke failed on `dora run` paths because Zenoh could not create a POSIX shared-memory segment; escalated rerun passed.","none","passed",""
"CLI-051","CLI Hub","Initialize node manifest","README.md; guide/src/hub/node-manifest.md; binaries/cli/src/command/hub/init.rs; tests/hub-smoke.rs","As a package author, I want to scaffold `dora-node.yml` so hub packages have a valid manifest.","`dora hub init [PATH]` creates a manifest that validates cleanly, infers safe defaults from native manifests, and refuses unsafe/invalid generated values.","tested-pass","passed","`cargo test -p dora-cli hub::init -- --test-threads=1` passed 11 init unit tests; full `hub-smoke` passed with escalation and includes `hub_init_writes_valid_manifest_from_rust_project`, which runs the CLI and validates the generated manifest.","2026-06-25","Sandbox full hub-smoke failed on `dora run` paths because Zenoh could not create a POSIX shared-memory segment; escalated rerun passed.","test-coverage-added","passed",""
"CLI-052","CLI Hub","Install command guidance","README.md; docs/cli.md; docs/plan-node-hub.md; guide/src/hub/overview.md; binaries/cli/src/command/hub/install.rs; tests/hub-smoke.rs","As a developer with global-install expectations, I want `dora hub install` to explain the per-dataflow model so I use `hub:` references and `dora build` instead of looking for global install state.","`dora hub install ...` is a deliberate nonzero error stub; it explains that hub packages are resolved per dataflow, shows a `hub:` YAML example, and points to `dora build` and `hub fetch` for cache prepopulation.","tested-pass","passed","Full `hub-smoke` passed with escalation and includes `hub_install_explains_per_dataflow_model`, which verifies the command fails intentionally and prints per-dataflow guidance.","2026-06-25","Tracker expectation previously described a global install flow, but code and docs define an intentional error stub.","tracker-corrected; test-coverage-added","passed",""
"CLI-053","CLI Hub","Publish or dry-run package","README.md; guide/src/hub/publishing.md; binaries/cli/src/command/hub/publish.rs; tests/hub-smoke.rs","As a package author, I want to publish or dry-run a hub package so users can consume versioned nodes.","`dora hub publish [PATH]` validates manifest and source hash, supports dry-run without mutating outputs, refuses duplicate versions, rejects namespace/index mismatches, and reports manifest drift.","tested-pass","passed","`cargo test -p dora-cli parse_hub` passed; full `hub-smoke` passed with escalation and covers publish dry-run preview, publish-then-build, committed-source reads, duplicate publish refusal, and namespace/index mismatch rejection.","2026-06-25","Sandbox full hub-smoke failed on `dora run` paths because Zenoh could not create a POSIX shared-memory segment; escalated rerun passed.","none","passed",""
"CLI-054","CLI Hub","Yank or restore package version","README.md; binaries/cli/src/command/hub/yank.rs; guide/src/hub/publishing.md; tests/hub-smoke.rs","As a package maintainer, I want to yank or restore a version so unsafe releases stop resolving without deleting history.","`dora hub yank <PKG>@<VER>` marks a version yanked, `--undo` restores it, re-yanking updates the reason, invalid paths cannot escape the catalog, and git-backed indexes print PR instructions.","tested-pass","passed","`cargo test -p dora-cli parse_hub` passed; full `hub-smoke` passed with escalation and includes five yank tests for skip/undo, reason updates, path traversal rejection, symlink escape rejection, and git-index PR instructions.","2026-06-25","Sandbox full hub-smoke failed on `dora run` paths because Zenoh could not create a POSIX shared-memory segment; escalated rerun passed.","none","passed",""
"CLI-055","CLI Hub","List hub lockfile pins","README.md; guide/src/hub/reproducible-builds.md; binaries/cli/src/command/hub/list.rs; tests/hub-smoke.rs","As a developer, I want to inspect lockfile pins so builds are reproducible and reviewable.","`dora hub list <dataflow>` prints pinned hub dependencies and versions from the lockfile or resolved descriptor.","tested-pass","passed","`cargo test -p dora-cli parse_hub` passed; full `hub-smoke` passed with escalation and `hub_end_to_end` verifies `hub list` prints the pinned hermetic package after `build --write-lockfile`.","2026-06-25","Sandbox full hub-smoke failed on `dora run` paths because Zenoh could not create a POSIX shared-memory segment; escalated rerun passed.","none","passed",""
"CLI-056","CLI Hub","Check outdated hub pins","README.md; binaries/cli/src/command/hub/outdated.rs; guide/src/hub/reproducible-builds.md; tests/hub-smoke.rs","As a developer, I want to know whether hub dependencies are outdated so I can update intentionally.","`dora hub outdated <dataflow>` compares current pins to the index, reports newer compatible versions, reports up-to-date pins, and exits nonzero when pins cannot be checked.","tested-pass","passed","`cargo test -p dora-cli parse_hub` passed; full `hub-smoke` passed with escalation and includes `hub_outdated_reports_newer_version` plus `hub_outdated_errors_when_pin_unresolvable`.","2026-06-25","Sandbox full hub-smoke failed on `dora run` paths because Zenoh could not create a POSIX shared-memory segment; escalated rerun passed.","none","passed",""
"CLI-057","CLI Hub","Update hub lockfile pins","README.md; binaries/cli/src/command/hub/update.rs; guide/src/hub/reproducible-builds.md; tests/hub-smoke.rs","As a developer, I want to refresh hub lockfile pins so dependency updates are explicit.","`dora hub update <dataflow>` resolves newer compatible versions, rewrites lockfiles deterministically, supports read-only dry-run, and is idempotent when already up to date.","tested-pass","passed","`cargo test -p dora-cli parse_hub` passed; full `hub-smoke` passed with escalation and includes `hub_update_bumps_pin_and_stays_locked_compatible` plus `hub_update_dry_run_is_read_only`.","2026-06-25","Sandbox full hub-smoke failed on `dora run` paths because Zenoh could not create a POSIX shared-memory segment; escalated rerun passed.","none","passed",""
"CLI-058","CLI Hub","Fetch hub sources","README.md; binaries/cli/src/command/hub/fetch.rs; guide/src/hub/reproducible-builds.md; tests/hub-smoke.rs","As a developer, I want to mirror pinned hub sources locally so CI or offline inspection can run without network.","`dora hub fetch <dataflow>` clones or refreshes pinned sources into a target directory, recovers cleanly from interrupted clones, and rejects stale lockfiles that no longer match the dataflow.","tested-pass","passed","`cargo test -p dora-cli parse_hub` passed; full `hub-smoke` passed with escalation and `hub_end_to_end` verifies fetch population, stale-clone recovery, and stale-lockfile rejection.","2026-06-25","Sandbox full hub-smoke failed on `dora run` paths because Zenoh could not create a POSIX shared-memory segment; escalated rerun passed.","none","passed",""
"DATA-001","Dataflow YAML","Node declarations","docs/yaml-spec.md; docs/cli.md; libraries/core/src/descriptor/mod.rs","As a dataflow author, I want to declare nodes with ids, paths, inputs, outputs, env, args, and build commands so Dora can run my graph.","Descriptors require unique node ids, accept supported source forms, and preserve declared inputs and outputs for build and runtime.","tested-pass","passed","`cargo test -p dora-core descriptor` passed 114 descriptor tests, including wiring validation, path resolution, duplicate-id rejection, source-node/output checks, and descriptor env preservation.","2026-06-25","","none","passed",""
"DATA-002","Dataflow YAML","Built-in timer inputs","README.md; docs/yaml-spec.md; libraries/core/src/descriptor/mod.rs","As a dataflow author, I want timer inputs like `dora/timer/millis/100` and `dora/timer/hz/30` so nodes can run periodically without a custom timer node.","Timer virtual inputs are accepted in descriptors and emit ticks at the requested interval during runtime.","tested-pass","passed","`cargo test -p dora-message parse_timer` passed 7 parser tests for hz, fractional hz, micros, nanos, and invalid timer values; runtime timer usage is also covered by the passing CLI/dataflow smokes in this loop.","2026-06-25","","none","passed",""
"DATA-003","Dataflow YAML","Input queue configuration","README.md; docs/yaml-spec.md; tests/queue_size_and_timeout_python; tests/queue_size_latest_data_rust","As a dataflow author, I want queue size and queue policy controls so slow consumers can choose backpressure or latest-data behavior.","Long-form inputs accept `queue_size`, `queue_policy`, and related options, and runtime routing honors the configured buffering policy.","tested-pass","passed","`cargo test -p dora-message parse_input` passed 3 queue parser tests and `cargo test -p dora-message roundtrip_input_with_policy` passed. `cargo test -p dora-examples --test example-smoke smoke_local_queue_size -- --test-threads=1` passed 3 queue smokes with escalation after making the Python queue fixtures self-provision PyArrow under `--uv`; coverage includes timeout/backpressure and latest-data queue behavior with both Python and Rust receivers.","2026-06-25","Queue smokes initially failed before queue assertions because the Python sender depended on ambient `numpy`/`pyarrow`. The sender now uses `pa.uint64()` directly and the Python fixture nodes declare `build: pip install pyarrow`, so `--uv` managed envs install the dependency instead of relying on host Python.","fixed","passed",""
"DATA-004","Dataflow YAML","Input timeout circuit breaker","README.md; docs/fault-tolerance.md; tests/fault-tolerance-e2e.rs","As a dataflow author, I want input timeouts so downstream nodes can detect missing upstream data and recover or fail predictably.","`input_timeout` produces timeout events according to descriptor configuration and supports recovery events when data resumes.","tested-pass","passed","`cargo test --test fault-tolerance-e2e input_timeout_delivers_input_closed_to_downstream -- --test-threads=1` initially failed with the fixture's 5s `stop_after`; after widening that test budget to 15s, the same targeted test passed with escalation and asserted both `Input:value` and `InputClosed:value`.","2026-06-25","The original 5s test budget could expire before cold macOS node startup left enough time for the 0.5s timeout assertion; fixed as a logistical test issue.","fixed","passed",""
"DATA-005","Dataflow YAML","Type annotations and validation","README.md; docs/types.md; libraries/core/src/descriptor/validate.rs; tests/fixtures/type-mismatch.yml","As a developer, I want static type validation so mismatched ports are caught before runtime.","Descriptors accept `input_types` and `output_types`; validation reports mismatches and strict mode fails on warnings.","tested-pass","passed","`cargo test -p dora-core descriptor` passed strict type, mismatch, inference, unknown URN suggestion, metadata pattern, service/action validation, and wiring validation tests. Direct CLI strict-type validation commands in this loop also passed/fail-fast as expected for matching and mismatched fixtures.","2026-06-25","","none","passed",""
"DATA-006","Dataflow YAML","Reusable modules","README.md; docs/modules.md; libraries/core/src/descriptor/expand.rs; examples/module-dataflow","As a dataflow author, I want reusable modules so subgraphs can be composed with typed inputs, outputs, and params.","Module references expand into flat descriptors with correct namespacing, port mapping, params, optional ports, and nested composition.","tested-pass","passed","`cargo test -p dora-core descriptor` passed module expansion tests for missing/circular/nested modules, optional ports, params, build propagation, duplicate ids, path traversal rejection, and boundary tracking; direct `dora expand examples/module-dataflow/dataflow.yml` also passed earlier in this loop.","2026-06-25","","none","passed",""
"DATA-007","Dataflow YAML","Environment variable interpolation","docs/yaml-spec.md; docs/cli.md; libraries/core/src/descriptor/mod.rs; libraries/message/src/descriptor.rs","As a dataflow author, I want descriptor env entries to read host environment variables explicitly so deployments can inject secrets or paths.","`__dora_env` values read the named host variable during descriptor parsing, string values still support `$VAR` expansion, and missing named host variables produce descriptor parse errors.","tested-pass","passed","`cargo test -p dora-message env_value` passed targeted coverage for successful `__dora_env` resolution and missing-variable errors.","2026-06-25","Docs/schema advertised `{ __dora_env: HOST_VAR }`, but descriptor parsing previously accepted only scalar env values.","fixed","passed","Regenerated `libraries/core/dora-schema.json` after adding the descriptor support."
"DATA-008","Dataflow YAML","Git and URL sources","README.md; binaries/cli/src/command/build/git.rs; libraries/extensions/download; examples/rust-dataflow-git; examples/rust-dataflow-url","As a developer, I want descriptors to use git or URL sources so reusable nodes and descriptors can come from remote locations.","Build resolves git branch/tag/rev and URL downloads, pins or caches as expected, and reports network or revision failures clearly.","tested-pass","passed","`cargo run --example rust-dataflow-git` passed with escalation/network, cloned the pinned dora-rs/dora revision, built the referenced nodes, and completed the dataflow. `cargo test -p dora-cli resolve_dataflow_downloads_url_to_current_dir` passed with escalation after adding a localhost HTTP fixture that verifies URL dataflows are downloaded into the current directory with the response filename.","2026-06-25","The local URL test needs socket permission because it binds a localhost HTTP fixture; sandboxed run failed at `TcpListener::bind` with `Operation not permitted`, and escalated rerun passed.","test-coverage-added","passed","The checked-in `examples/rust-dataflow-url` descriptor currently uses local paths, so URL coverage is a focused CLI helper test rather than that example."
"DATA-009","Dataflow YAML","In-process operators","README.md; docs/cli.md; binaries/runtime; apis/rust/operator; apis/python/operator","As a developer, I want lightweight operators inside a runtime process so simple transforms avoid per-process overhead.","Descriptors can declare one operator or a list of operators, runtime loads Python or shared-library operators, routes events, and reports operator failures.","tested-pass","passed","`cargo test -p dora-operator-api` passed Rust operator API coverage. `cargo run --example c-dataflow` and `cargo run --example cxx-dataflow` passed with escalation, exercising runtime-loaded C and C++ shared-library operators. `cargo test -p dora-examples --test example-smoke smoke_local_python_operator_minimal -- --test-threads=1` passed with escalation, covering a managed-uv Python operator that receives an input, calls `send_output`, and stops cleanly.","2026-06-25","The C example initially failed because the daemon could not find `dora` on PATH for runtime nodes spawned by in-process example runners. The Python operator smoke initially exposed that local `dora run --uv` validation still required ambient `import dora` even though the managed operator env was prepared.","fixed","passed","The full ML/webcam `examples/python-operator-dataflow` remains dependency-heavy and was not run; the minimal regression fixture covers the runtime contract without optional ML dependencies."
"DATA-010","Dataflow YAML","Deployment placement","README.md; docs/distributed-deployment.md; examples/multiple-daemons","As an operator, I want to assign nodes to machines so distributed dataflows run on intended hardware.","`_unstable_deploy.machine` maps nodes to daemon machine ids, distributed build/start respects placement, and missing machines produce errors.","tested-pass","passed","`cargo run --example multiple-daemons` passed with escalation, starting one coordinator plus daemons A and B, spawning nodes on A and the sink on B, and finishing both daemon partitions successfully. `cargo test -p dora-coordinator resolve_daemon_reports_missing_machine_id` passed a new unit assertion for the missing-machine error path.","2026-06-25","","test-coverage-added","passed",""
"DATA-011","Dataflow YAML","Fault tolerance policies","README.md; docs/fault-tolerance.md; tests/fault-tolerance-e2e.rs","As a dataflow author, I want restart policies, backoff, restart windows, and max restarts so crashes recover predictably.","`restart_policy`, `max_restarts`, `restart_delay`, `max_restart_delay`, and `restart_window` are honored and final status reflects success or failure accurately.","tested-pass","passed","`cargo test --test fault-tolerance-e2e restart_policy_always_restarts_on_clean_exit -- --test-threads=1` passed with escalation; the fixture asserts `restart_policy: always` plus `max_restarts: 2` produces exactly three clean-exit node spawns.","2026-06-25","Requires local runtime processes and /tmp marker files, so the test was run outside the sandbox.","none","passed","Broader crash/backoff/window cases remain covered by the same e2e file and full-suite evidence but were not all rerun individually here."
"DATA-012","Dataflow YAML","Log routing and rotation","README.md; docs/logging.md; examples/log-sink-file; examples/log-sink-tcp; examples/log-sink-alert","As an operator, I want stdout and structured logs routed to files, TCP, alerts, or data outputs so observability fits my deployment.","Log settings filter levels, route raw stdout or structured entries, rotate files, and expose log streams to CLI and dataflows.","tested-pass","passed","`cargo test -p dora-examples --test example-smoke smoke_log_sink -- --test-threads=1` passed 3 tests with escalation: `smoke_log_sink_alert`, `smoke_log_sink_file`, and `smoke_log_sink_tcp`. The direct `dora logs --local --node rust-node --tail 5` check also passed against a fresh local dataflow log directory.","2026-06-25","Requires local Dora services/runtime processes and IPC, so the smoke was run outside the sandbox.","none","passed","Python logging examples and log aggregator remain broader example coverage and were not rerun here."
"DATA-013","Dataflow YAML","CPU affinity","README.md; docs/realtime-tuning.md; examples/cpu-affinity-probe","As an operator, I want to pin nodes to CPUs so latency-sensitive workloads stay predictable.","`cpu_affinity` descriptor settings are applied where the platform supports them and unsupported platforms skip or warn clearly.","bypassed","bypassed-external","`cargo test -p dora-message cpu_affinity` passed parser coverage for explicit masks and default `None`. `scripts/qa/ci-nightly-jobs.sh cpu-affinity-smoke` passed on this macOS host by reporting the expected Darwin skip; the positive `sched_getaffinity` assertion remains Linux-only. `cargo test -p dora-daemon spawn:: -- --test-threads=1` passed after adding a daemon contract that requested `cpu_affinity` emits an explicit non-Linux warning instead of being ignored silently.","2026-06-25","Positive affinity-mask application was not run because this host is Darwin and the smoke is explicitly Linux-only. Before this pass, non-Linux daemon spawning ignored requested affinity silently; `binaries/daemon/src/spawn/prepared.rs` now logs a warning that CPU affinity is Linux-only and ignored.","fixed","bypassed-external","Run `scripts/qa/ci-nightly-jobs.sh cpu-affinity-smoke` on Linux to prove the spawned process mask matches `cpu_affinity: [0, 1]`. External infrastructure bypass approved by user on 2026-06-25; no further local validation required for this audit."
"DATA-014","Dataflow YAML","Debug inspection mode","README.md; docs/debugging.md; tests/fixtures/zenoh-debug-dataflow.yml","As a developer, I want debug inspection to enable topic tools without changing node code.","`_unstable_debug.enable_debug_inspection` enables topic list, echo, hz, and info subscriptions for a running dataflow.","tested-pass","passed","`DORA_QA_CLI_BIN=target/debug/dora scripts/qa/ci-nightly-jobs.sh topic-and-top-smoke` passed with escalation; it runs `tests/fixtures/zenoh-debug-dataflow.yml` with debug inspection enabled and verifies topic list, info, echo, hz, and pub paths.","2026-06-25","Requires real local services, sockets, Python venv setup, and the update-check metadata path, so the smoke was run outside the sandbox.","none","passed",""
"DATA-015","Dataflow YAML","Output framing configuration","docs/yaml-spec.md; libraries/message/src/descriptor.rs","As a dataflow author, I want output framing to be explicit so raw buffers and Arrow IPC payloads are decoded consistently by receivers.","Output descriptors default to raw framing and accept `framing: arrow-ipc`, while invalid framing values fail during descriptor parsing.","tested-pass","passed","`cargo test -p dora-message output_framing` passed `output_framing_defaults_to_raw` and `output_framing_parses_arrow_ipc`.","2026-06-25","","none","passed",""
"DATA-016","Dataflow YAML","Global environment inheritance","docs/yaml-spec.md; libraries/core/src/descriptor/mod.rs; libraries/message/src/descriptor.rs","As a dataflow author, I want top-level descriptor env values to apply to every node unless overridden so deployment-wide settings stay centralized.","Descriptor processing merges top-level env into each node env and preserves node-specific overrides.","tested-pass","passed","`cargo test -p dora-core descriptor` passed global env parsing and merge tests (`descriptor_global_env_parses_from_yaml`, `merge_env_*`, and node override coverage).","2026-06-25","","none","passed",""
"SEC-001","Execution safety","Shell node opt-in gate","docs/yaml-spec.md; binaries/daemon/src/spawn/command.rs; tests/example-smoke.rs","As an operator, I want shell-form node commands disabled unless explicitly allowed so descriptors cannot silently run arbitrary shell snippets.","`path: shell` descriptors are rejected unless `DORA_ALLOW_SHELL_NODES=true`; when allowed, the daemon runs the snippet through the platform shell and logs a warning.","tested-pass","passed","`cargo test --test example-smoke smoke_shell_node -- --test-threads=1` passed with escalation; tests cover allowed shell execution, blocked execution without the flag, marker absence, and audit warning.","2026-06-25","Sandbox run failed before gate validation because Zenoh POSIX shared memory creation was denied; escalated rerun passed.","none","passed","Unix smoke coverage; Windows `cmd /C` shell form remains a separate platform path."
"SEC-002","Execution safety","Spawned child environment denylist","binaries/daemon/src/spawn/spawner.rs","As an operator, I want sensitive Dora control variables stripped from child process environments so user nodes cannot inherit internal credentials or unsafe feature toggles accidentally.","Daemon spawn strips loader-injection variables plus `DORA_AUTH_TOKEN` and `DORA_ALLOW_SHELL_NODES` from inherited and descriptor-provided env before spawning nodes or runtime processes.","tested-pass","passed","`cargo test -p dora-daemon spawn:: -- --test-threads=1` passed unit coverage for denylist detection and tombstones that prevent inherited env leakage.","2026-06-25","`strip_denied_env` previously used `clonable_command::Command::env_remove`, which only removed explicit entries and did not create `None` tombstones to suppress inherited parent env values.","fixed","passed","Descriptor-provided denied keys were already skipped by `is_denied_env`; inherited parent keys are now explicitly tombstoned."
"DATA-017","Dataflow YAML","Safe path environment expansion","binaries/daemon/src/spawn/command.rs","As a dataflow author, I want path env expansion to be predictable and limited so descriptors remain portable without exposing arbitrary environment values.","Unconfined path expansion allows only `HOME`, `USER`, `DORA_WORKSPACE`, `CARGO_MANIFEST_DIR`, and `PWD`; denied variables such as `DORA_AUTH_TOKEN` stay literal; hub-confined nodes avoid ambient PATH fallback.","tested-pass","passed","`cargo test -p dora-daemon spawn:: -- --test-threads=1` passed unit coverage for allowed `CARGO_MANIFEST_DIR` expansion and denied `DORA_AUTH_TOKEN` remaining literal.","2026-06-25","","test-coverage-added","passed","The allowlist logic was extracted into `expand_unconfined_node_path` for direct unit coverage."
"API-001","Rust API","Rust node API","README.md; docs/api-rust.md; apis/rust/node; examples/rust-dataflow","As a Rust developer, I want a node API to receive events and send Arrow outputs so I can write native Dora nodes.","The Rust node API initializes from runtime env, iterates events, sends typed Arrow data, handles STOP, and propagates errors idiomatically.","tested-pass","passed","`cargo test -p dora-node-api` passed 105 unit tests plus 5 doctests, covering TCP framing, event stream conversion/classification, scheduler queue policies, Arrow raw/IPC utilities, service/action/stream helpers, teardown handling, and monotonic timestamps. `cargo test --test example-tests` also passed the Rust example node/status-node contracts.","2026-06-25","","none","passed",""
"API-002","Rust API","Rust operator API","README.md; docs/api-rust.md; apis/rust/operator; apis/rust/operator/macros","As a Rust developer, I want operator APIs and macros so in-process transforms are ergonomic and type-safe.","The operator API exposes event handlers and output senders for runtime-loaded operators; macros generate required ABI glue including exported init, drop, and event entrypoints.","tested-pass","passed","`cargo test -p dora-operator-api` passed 7 unit tests covering parse-error dispatch, panic containment, accumulated parse errors, empty id/error preservation, non-input filtering, and Send/Sync output senders.","2026-06-25","","none","passed","C++ exported-symbol bridge test remains identified but was not rerun in this pass."
"API-003","Python API","Python node API","README.md; docs/api-python.md; docs/python-guide.md; apis/python/node; examples/python-dataflow","As a Python developer, I want `from dora import Node` so I can write nodes with Python iteration and Arrow values.","The Python API supports Node construction, event iteration, `try_recv`, `send_output`, STOP handling, async examples, and pyarrow values.","tested-pass","passed","`env PYTHONPATH=apis/python/node uv run --with pytest --with pyyaml --with pyarrow pytest apis/python/node/tests/test_mock_node.py apis/python/node/tests/test_dora_compat.py` passed 17 tests, covering `from dora import Node`, `DoraStatus`, top-level import compatibility, and MockNode event/send behavior.","2026-06-25","Used an isolated uv environment because ambient `python3` lacks pyarrow.","none","passed",""
"API-004","Python API","Python zero-copy raw output","examples/python-zero-copy-send; tests/example-smoke.rs","As a Python developer, I want to send raw buffer-protocol data without extra copies so high-throughput nodes stay efficient.","`send_output_raw` accepts valid buffer-protocol inputs, rejects invalid inputs safely, and sends data that receivers can decode.","tested-pass","passed","`cargo test -p dora-examples --test example-smoke smoke_local_python_zero_copy_send_contract -- --test-threads=1` passed with escalation; it builds the local Python API wheel through `uv`/`maturin`, installs the contract dependency, and runs the buffer-protocol contract dataflow locally.","2026-06-25","Requires local runtime processes and Python package setup, so the test was run outside the sandbox.","none","passed",""
"API-005","Python API","Python operator API","README.md; docs/api-python.md; apis/python/operator; examples/python-operator-dataflow","As a Python developer, I want Python operators so simple transforms can run in-process without separate node processes.","Python operator descriptors load operator code, call handlers on input events, and send outputs through the runtime.","tested-pass","passed","`cargo test -p dora-examples --test example-smoke smoke_local_python_operator_minimal -- --test-threads=1` passed with escalation after adding `tests/python-operator-smoke`: a minimal Python `Operator` receives a timer input, calls `send_output` with bytes, and returns `DoraStatus.STOP` under `--uv`. `cargo test -p dora-core python_runtime_check_can_be_skipped_for_managed_uv_runs` passed coverage for the validation option. `env DYLD_FALLBACK_LIBRARY_PATH=/opt/homebrew/Caskroom/miniconda/base/lib cargo test -p dora-operator-api-python` passed 7 Python operator API unit tests.","2026-06-25","`dora run --uv` initially failed before startup because descriptor validation checked ambient Python for `dora-rs` even though the managed operator env had been prepared. `check_dataflow_with_options` now lets the local `--uv` run path skip only that ambient package check.","fixed","passed","The heavyweight webcam/YOLO Python operator example was not run because this host lacks the optional ML stack; the new fixture covers the core runtime API path."
"API-006","Python API","Programmatic dataflow builder","README.md; examples/python-dataflow-builder; docs/python-guide.md; apis/python/node/tests/test_builder.py","As a Python developer, I want to build dataflows in Python code so dynamic generation does not require hand-written YAML.","The builder emits valid dataflow descriptors equivalent to YAML, supports nodes, operators, env, args, build/git metadata, input queues, and file output.","tested-pass","passed","`env PYTHONPATH=apis/python/node uv run --with pytest --with pyyaml pytest apis/python/node/tests/test_builder.py` passed 14 tests covering empty/single-node output, output objects, input queues, invalid queue settings, chaining, git metadata, operators, duplicate output avoidance, context manager support, and file output.","2026-06-25","Used an isolated uv environment for pytest/PyYAML dependencies.","none","passed",""
"API-007","C API","C node and operator APIs","README.md; docs/api-c.md; apis/c/node; apis/c/operator; examples/c-dataflow","As a C developer, I want native C APIs so embedded or C-based systems can participate in Dora dataflows.","The C API exposes initialization, event receive, output send, and operator hooks through a stable ABI and CMake/package metadata.","bypassed","bypassed-external","`cargo run --example c-dataflow` passed with escalation, building and running the C node, C sink, and C operator through a local Dora dataflow. `cargo clippy --example c-dataflow --example cxx-dataflow --example cmake-dataflow -- -D warnings` also passed.","2026-06-25","The first C example run failed because the daemon could not find `dora` on PATH for the runtime-node spawned by the in-process example runner. `examples/c-dataflow/run.rs` now prepends `target/debug` before invoking `RunCommand`. CMake package metadata remains external-toolchain coverage because `cmake` is not installed on this host.","fixed","bypassed-external","Run the CMake find-package smoke on a host with CMake before marking the package-metadata portion fully covered. External infrastructure bypass approved by user on 2026-06-25; no further local validation required for this audit."
"API-008","C++ API","C++ node and operator APIs","README.md; docs/api-cxx.md; apis/c++/node; apis/c++/operator; examples/c++-dataflow","As a C++ developer, I want C++ wrappers over Dora APIs so I can write native C++ nodes and operators.","The C++ API wraps the C/Rust bridge, supports Arrow data examples, and provides CMake find-package integration.","bypassed","bypassed-external","`cargo run --example cxx-dataflow` passed with escalation, building and running C++ nodes through both the C API and Rust API wrappers plus C++ runtime operators. Focused clippy over the native example runners also passed.","2026-06-25","The C++ runner needed the same `target/debug` PATH preparation as the C runner for runtime nodes. `cargo run --example cxx-arrow-dataflow` is blocked because `pkg-config`/Arrow C++ are absent; `cargo run --example cmake-dataflow` is blocked because `cmake` is absent on this host.","fixed","bypassed-external","Arrow C++ and CMake integration remain external-toolchain coverage. External infrastructure bypass approved by user on 2026-06-25; no further local validation required for this audit."
"CORE-001","Data format","Apache Arrow end-to-end data","README.md; libraries/arrow-convert; docs/types.md","As a node author, I want all data to be Arrow-compatible so multi-language nodes share zero-serialization data structures.","Dora sends and receives Arrow arrays or Arrow IPC-framed payloads consistently across Rust, Python, C, and C++ APIs.","tested-pass","passed","`cargo test -p dora-node-api` passed Arrow raw and IPC utility tests, including primitive/string/null/struct roundtrips, schema hash determinism, aligned buffer handling, and Arrow IPC file parsing. `cargo test -p dora-core descriptor` passed type validation/inference tests, and the Python zero-copy contract smoke passed.","2026-06-25","","none","passed","Cross-language C/C++ Arrow example coverage remains broader example coverage and was not rerun here."
"CORE-002","Transport","Shared memory and TCP node communication","README.md; binaries/daemon; apis/rust/node/src/node/mod.rs; apis/rust/node/src/daemon_connection/tcp.rs; examples/memory-pool; tests/example-smoke.rs","As an operator, I want large co-located payloads to use shared memory and small control/data messages to remain reliable so throughput and latency are balanced.","Daemon spawn injects runtime env such as node id, dataflow id, coordinator address, node channel TCP port, optional `DORA_ZENOH_CONNECT`, and node APIs use TCP framing for daemon requests while large payload paths use Zenoh/shared-memory or memory-pool transport where available.","bypassed","bypassed-external","`cargo test -p dora-daemon spawn:: -- --test-threads=1` passed coverage for `DORA_ZENOH_CONNECT` injection; `cargo test -p dora-node-api daemon_connection::tcp` passed TCP framing roundtrip, empty payload, oversized length, truncated header, and truncated body tests; `cargo test -p dora-memory-pool` passed 7 lifecycle tests for register/read, duplicate registration, cross-node free, double-free, cleanup counts, table size, and lock poison recovery. `cargo test -p dora-examples --test example-smoke smoke_local_memory_pool_cpu2cpu -- --ignored --test-threads=1` reached the runtime and reported the expected macOS platform gate: memory-pool transport requires Linux `/dev/shm`. After adding a non-Linux guard, the same ignored test passes as a no-op on this host. `cargo test -p dora-examples --test example-smoke contract_external_runtime_example_descriptors_validate -- --test-threads=1` passed static validation for all memory-pool dataflows.","2026-06-25","Full large-payload memory-pool dataflow behavior remains Linux-only and was not positively exercised on this macOS host. The first explicit ignored smoke also exposed noisy receiver shutdown handling after the sender hit the platform gate; `receiver.py` now exits cleanly on stop/non-input events, and the smoke comments/ignore reasons document the Linux requirement.","fixed","bypassed-external","Run the ignored memory-pool smokes on Linux with the CPU Torch wheel available before marking full large-payload transport behavior passed. External infrastructure bypass approved by user on 2026-06-25; no further local validation required for this audit."
"CORE-003","Transport","Zenoh distributed data plane","README.md; binaries/daemon; libraries/core/src/descriptor; examples/multiple-daemons","As an operator, I want cross-machine node messages to use Zenoh so distributed dataflows work without custom networking.","Distributed daemons advertise and subscribe to the correct topics, use configured Zenoh peers where provided, and preserve message delivery semantics.","tested-pass","passed","`cargo run --example multiple-daemons` passed with escalation and delivered data from nodes on daemon A to the sink on daemon B. Source audit confirmed remote output mappings declare Zenoh control subscribers/publishers via `zenoh_daemon_control_topic`; earlier `cargo test -p dora-daemon spawn:: -- --test-threads=1` passed coverage for injecting `DORA_ZENOH_CONNECT` when a daemon listener is available, and cluster config parse tests cover `zenoh_peer`.","2026-06-25","","none","passed","The explicit `--zenoh-peer` rendezvous path was not exercised with a separate live multi-host network; this pass covered local multi-daemon delivery plus config/source paths."
"CORE-004","Coordinator","Persistent coordinator state","README.md; libraries/coordinator-store; binaries/coordinator","As an operator, I want coordinator state to survive restarts so dataflow history and recovery data are not lost.","The redb backend persists dataflow and build records, supports memory backend for tests, and handles cleanup and list failures explicitly.","tested-pass","passed","`env DORA_QA_CLI_BIN=target/debug/dora scripts/qa/ci-nightly-jobs.sh redb-backend-smoke` passed with escalation. The smoke wrote `/tmp/dora-redb-smoke.db`, confirmed the `redb-smoke` dataflow record persisted, restarted the coordinator, cleared stale daemon records, and read the store cleanly.","2026-06-25","","none","passed","The script creates and removes `examples/rust-dataflow/redb-smoke.yml` as a temporary fixture."
"CORE-005","Coordinator","Daemon reconnect and state reconstruction","README.md; binaries/coordinator; tests/daemon-reconnect-e2e.rs","As an operator, I want daemons to reconnect after coordinator restart so long-running systems recover from control-plane interruptions.","Coordinator reconstructs running state from daemon reports, preserves terminal statuses, and avoids promoting failed records incorrectly.","tested-pass","passed","`env DORA_QA_CLI_BIN=target/debug/dora scripts/qa/ci-nightly-jobs.sh state-reconstruction-smoke` passed with escalation: the coordinator hydrated a persisted Running record as Recovering and reconciled it back to Running after the daemon reported one active node. `redb-backend-smoke` showed the same re-establishment path after coordinator restart. `cargo test -p dora-coordinator terminal`, `disconnect_reclaims_orphaned_running_dataflow`, and `reestablish` filters all passed, covering terminal failure markers, orphan reclaim, and reconstructing live state from daemon reports.","2026-06-25","","none","passed","The SIGSTOP/SIGCONT `daemon-reconnect-smoke` remains Linux-only and was not run on this macOS host; source/unit plus restart smokes cover the coordinator reconstruction contract here."
"CORE-006","Fault tolerance","Node restart and health events","docs/fault-tolerance.md; binaries/coordinator; binaries/daemon; tests/fault-tolerance-e2e.rs","As a dataflow author, I want node restart, input closed, input recovered, and node restarted events so downstream nodes can react to failures.","Fault-tolerance paths emit documented events once, in order, and final dataflow status reflects clean stop versus failure.","tested-pass","passed","`cargo test --test fault-tolerance-e2e input_timeout_delivers_input_closed_to_downstream -- --test-threads=1`, `input_recovered_is_delivered_after_broken_input_receives_data`, and `restart_policy_always_restarts_on_clean_exit` all passed with escalation after widening cold-start-sensitive stop budgets. Earlier `cargo test --test node-lifecycle-e2e lifecycle_rust_dynamic_add_remove -- --test-threads=1` also passed with escalation.","2026-06-25","Two fault-tolerance e2e tests initially failed because 5s stop budgets expired before cold macOS startup left time for timeout/recovery events; stop budgets were widened and retested successfully.","fixed","passed",""
"CORE-007","Observability","OpenTelemetry logging, metrics, and tracing","README.md; docs/debugging.md; libraries/extensions/telemetry; binaries/coordinator/src/otel_metrics.rs","As an operator, I want logs, metrics, and traces built in so I can diagnose distributed dataflows without custom instrumentation.","Telemetry initializes with configured sinks, captures spans/metrics, stores trace data for CLI inspection, and avoids noisy output when quiet modes are selected.","tested-pass","passed","`DORA_QA_CLI_BIN=target/debug/dora scripts/qa/ci-nightly-jobs.sh topic-and-top-smoke` passed trace list/view and `top --once` checks; `../../target/debug/dora logs --local --node rust-node --tail 5` passed against a fresh local Rust dataflow log directory; `./target/debug/dora doctor` passed against live local services.","2026-06-25","Observability smokes require real local services, sockets, Python venv setup, and in one case update-check metadata access, so they were run outside the sandbox.","none","passed","Metrics exporter specifics were not separately probed beyond doctor/top/runtime smoke coverage."
"CORE-008","Record/replay","Recording file format","README.md; libraries/recording; binaries/record-node; binaries/replay-node","As a developer, I want stable `.drec` recordings so real runs can become deterministic regression inputs.","Recorder writes versioned recording metadata and messages; replay reads them, preserves topics, supports replacement nodes, and fails clearly on incompatible files.","tested-pass","passed","`DORA_QA_CLI_BIN=target/debug/dora scripts/qa/ci-nightly-jobs.sh record-replay` passed with escalation; it wrote a non-empty 63807-byte `.drec`, replayed it with `dora-replay-node`, and reported 100 replayed messages for both replaced source nodes.","2026-06-25","Replay emitted a non-fatal type warning for `rust-status-node` after source-node replacement; the record/replay round trip passed.","none","passed",""
"PATTERN-001","Communication patterns","Topic pub/sub","README.md; docs/patterns.md","As a node author, I want default topic pub/sub so producers and consumers can be connected declaratively.","Outputs publish to subscribed inputs according to descriptor mappings with Arrow payload and metadata preserved.","tested-pass","passed","`DORA_QA_CLI_BIN=target/debug/dora scripts/qa/ci-nightly-jobs.sh topic-and-top-smoke` passed topic list/info/echo/hz/pub checks on a running dataflow; `cargo test --test ws-cli-e2e cli_topic_subscription_receives_binary_frames_immediately_after_subscribe_ack -- --test-threads=1` also passed with escalation for the websocket topic data channel.","2026-06-25","Requires real local services, sockets, Python venv setup, and topic data channel websocket binds, so the tests were run outside the sandbox.","none","passed",""
"PATTERN-002","Communication patterns","Service request/reply","README.md; docs/patterns.md; examples/service-example; tests/example-smoke.rs","As a node author, I want request/reply service semantics so clients can correlate responses to requests.","The metadata key `request_id` correlates service requests and responses without daemon/YAML changes, and examples complete successfully.","tested-pass","passed","`cargo test -p dora-examples --test example-smoke contract_service_example_correlates_requests_and_responses -- --test-threads=1` passed with escalation; the contract asserts at least three correlated service responses from `examples/service-example/dataflow.yml`.","2026-06-25","Requires local Dora runtime processes and IPC, so the test was run outside the sandbox.","none","passed",""
"PATTERN-003","Communication patterns","Action goal/feedback/result","README.md; docs/patterns.md; examples/action-example; tests/example-smoke.rs","As a node author, I want action semantics so long-running goals can stream feedback, return results, and support cancellation.","The metadata keys `goal_id` and `goal_status` correlate goal, feedback, result, and cancellation events.","tested-pass","passed","`cargo test -p dora-examples --test example-smoke contract_action_example_feedback_precedes_success_result -- --test-threads=1` passed with escalation; the contract asserts a successful action result is preceded by feedback for the same goal id.","2026-06-25","Requires local Dora runtime processes and IPC, so the test was run outside the sandbox.","none","passed",""
"PATTERN-004","Communication patterns","Streaming sessions","README.md; docs/patterns.md; examples/streaming-example; tests/example-smoke.rs","As a node author, I want streaming session metadata so segmented or chunked outputs can be consumed incrementally.","Streaming examples use session, segment, sequence, and final metadata to deliver ordered chunks and detect completion.","tested-pass","passed","`cargo test -p dora-examples --test example-smoke contract_streaming_example_reassembles_session_on_fin -- --test-threads=1` passed with escalation after the streaming descriptor started provisioning PyArrow through `build:` steps. The contract test captures `dora run --uv` output and asserts at least one `[session ...] Complete (... tokens):` line, proving the `fin=true` reassembly path fired.","2026-06-25","The first run failed before streaming assertions because script-only Python nodes depended on ambient `dora`/`pyarrow`. The descriptor now uses managed Python envs under `--uv`, and the README documents that `--uv` provisions dependencies from `build:` steps.","fixed","passed",""
"EXT-001","ROS2 bridge","ROS2 topics","README.md; docs/ros2-bridge.md; libraries/extensions/ros2-bridge; binaries/ros2-bridge-node","As a ROS2 user, I want Dora to bridge ROS2 topics so ROS2 nodes and Dora dataflows can exchange messages.","The bridge maps ROS2 topic messages to Arrow and back with configured QoS and type conversion.","bypassed","bypassed-external","`scripts/qa/ci-nightly-jobs.sh ros2-bridge` passed on this macOS host by reporting the expected non-Linux skip. The job source shows Linux basic checks (`cargo check -p dora-ros2-bridge --no-default-features`, message generator tests, Python bridge tests) and full examples when ROS2 Humble is installed. `cargo test -p dora-examples --test example-smoke contract_external_runtime_example_descriptors_validate -- --test-threads=1` passed after validating the declarative ROS2 YAML bridge descriptors, including the topic showcase wiring in `examples/ros2-bridge/yaml-bridge/dataflow.yml`.","2026-06-25","This host has no `ros2`, `colcon`, or `ROS_DISTRO`, and the local nightly driver skips ROS2 bridge on Darwin because GitHub runs it on Ubuntu only. Before this pass, `examples/ros2-bridge/yaml-bridge/dataflow.yml` failed static validation because it referenced placeholder source nodes that were not declared; the showcase descriptor now declares those placeholders and validates locally.","fixed","bypassed-external","Run `scripts/qa/ci-nightly-jobs.sh ros2-bridge` on Linux, and `scripts/ros2dev.sh qa` in a ROS2 Humble environment for full topic examples. External infrastructure bypass approved by user on 2026-06-25; no further local validation required for this audit."
"EXT-002","ROS2 bridge","ROS2 services","README.md; docs/ros2-bridge.md; examples/ros2-bridge/yaml-bridge-service","As a ROS2 user, I want service bridging so Dora nodes can call or serve ROS2 services.","The bridge maps service requests and responses through Dora metadata and ROS2 service clients/servers.","bypassed","bypassed-external","`scripts/qa/ci-nightly-jobs.sh ros2-bridge` passed on this macOS host by reporting the expected non-Linux skip. Service examples are gated behind Linux plus ROS2 Humble/example packages in the nightly driver. `cargo test -p dora-examples --test example-smoke contract_external_runtime_example_descriptors_validate -- --test-threads=1` passed after validating the YAML service client/server descriptors and the service portion of `examples/ros2-bridge/yaml-bridge/dataflow.yml`.","2026-06-25","This host has no `ros2`, `colcon`, or `ROS_DISTRO`; full service bridge validation requires a ROS2 Humble environment. Before this pass, the aggregate YAML bridge showcase had undeclared placeholder service nodes; it now declares them and validates locally.","fixed","bypassed-external","Run ROS2 service bridge examples through `scripts/ros2dev.sh qa` or the Ubuntu nightly ROS2 job. External infrastructure bypass approved by user on 2026-06-25; no further local validation required for this audit."
"EXT-003","ROS2 bridge","ROS2 actions","README.md; docs/ros2-bridge.md; examples/ros2-bridge/yaml-bridge-action; examples/ros2-bridge/yaml-bridge-action-server","As a ROS2 user, I want action bridging so Dora can participate in ROS2 goal/feedback/result workflows.","The bridge maps goals, feedback, statuses, results, cancellation, and QoS for ROS2 action clients and servers.","bypassed","bypassed-external","`scripts/qa/ci-nightly-jobs.sh ros2-bridge` passed on this macOS host by reporting the expected non-Linux skip. Action examples are ROS2-runtime coverage and are not runnable without a ROS2 Humble environment. `cargo test -p dora-examples --test example-smoke contract_external_runtime_example_descriptors_validate -- --test-threads=1` passed after validating the YAML action client/server descriptors and the action portion of `examples/ros2-bridge/yaml-bridge/dataflow.yml`.","2026-06-25","This host has no `ros2`, `colcon`, or `ROS_DISTRO`; full action bridge validation requires ROS2 Humble and matching example packages. Before this pass, the aggregate YAML bridge showcase had an undeclared placeholder action goal node; it now declares that node and validates locally.","fixed","bypassed-external","Run ROS2 action bridge examples through `scripts/ros2dev.sh qa` or the Ubuntu nightly ROS2 job. External infrastructure bypass approved by user on 2026-06-25; no further local validation required for this audit."
"EXT-004","MAVLink2 bridge","MAVLink 2 telemetry bridge","README.md; libraries/extensions/mavlink2-bridge; binaries/mavlink2-bridge-node; examples/mavlink2-bridge","As a robotics developer, I want MAVLink 2 messages bridged into Dora so telemetry and vehicle commands can flow through dataflows.","The bridge connects via TCP, UDP, or serial, converts common MAVLink messages to Arrow, and emits/accepts configured telemetry streams.","tested-pass","passed","`cargo test -p dora-mavlink2-bridge` passed Arrow roundtrip, malformed Arrow rejection, transport parsing/error, and MAVLink v2 build tests. `cargo test -p dora-mavlink2-bridge-node` passed with escalation, including TCP and UDP heartbeat loopbacks plus reader shutdown behavior. `cargo test -p dora-examples --test example-smoke smoke_local_mavlink2_bridge_rust -- --test-threads=1` passed with escalation and ran the bridge with the in-process MAVLink simulator, heartbeat emitter, and Rust telemetry printer. `cargo clippy -p dora-mavlink2-bridge -p dora-mavlink2-bridge-node --tests -- -D warnings` passed.","2026-06-25","Sandboxed node tests failed at localhost TCP/UDP bind with `Operation not permitted`; escalated rerun passed. Serial positive hardware coverage remains external because no serial MAVLink endpoint is available.","none","passed",""
"EXT-005","MAVLink2 bridge","SITL mission example","README.md; examples/mavlink2-bridge-sitl-mission","As a robotics developer, I want a SITL mission example so I can validate closed-loop MAVLink Dora behavior against ArduCopter.","The example arms, takes off, hovers, and lands through a local ArduPilot SITL setup when prerequisites exist.","bypassed","bypassed-external","Source/README audit confirms the SITL mission is intentionally local-only and requires a separate ArduPilot checkout plus `sim_vehicle.py` broadcasting MAVLink on UDP 14550 before `dora run examples/mavlink2-bridge-sitl-mission/dataflow.yml --uv --stop-after 90s`. Current host checks found no `sim_vehicle.py`, `mavproxy.py`, `pymavlink`, or `dronekit_sitl`; only Python itself is present. `cargo test -p dora-examples --test example-smoke contract_external_runtime_example_descriptors_validate -- --test-threads=1` passed static validation for the copter, long mission, and rover SITL dataflows.","2026-06-25","ArduPilot SITL prerequisites are not installed on this host. The non-SITL MAVLink2 bridge row is covered separately by the in-process simulator tests.","none","bypassed-external","Run the README two-terminal SITL flow on a machine with ArduPilot SITL installed and require the `mission: SUCCESS` marker. External infrastructure bypass approved by user on 2026-06-25; no further local validation required for this audit."
"EXAMPLE-001","Examples","Core language examples","README.md; examples/rust-dataflow; examples/python-dataflow; examples/c-dataflow; examples/c++-dataflow; examples/cmake-dataflow","As a new user, I want working examples in each supported language so I can copy a known-good pattern.","Rust, Python, C, C++, Arrow C++, and CMake examples build and run with documented commands on supported platforms.","bypassed","bypassed-external","Rust dataflow run/log checks passed earlier in this loop. `cargo test -p dora-examples --test example-smoke smoke_local_python_ -- --test-threads=1` passed all 11 local Python smokes after adding managed-env build steps to script-only Python examples, including `smoke_local_python_dataflow`. `cargo run --example c-dataflow` and `cargo run --example cxx-dataflow` passed with escalation after fixing the native example runner PATH handling. `cargo run --example cxx-arrow-dataflow` reports missing `pkg-config`/Arrow C++, and `cargo run --example cmake-dataflow` reports missing CMake with an actionable error. Rechecked this host: `cmake` and `pkg-config` are absent. `cargo test -p dora-examples --test example-smoke contract_external_runtime_example_descriptors_validate -- --test-threads=1` passed static validation for the Arrow C++ and CMake dataflows.","2026-06-25","The native C example initially failed to spawn a runtime node because `dora` was not on PATH; the C, C++, and CMake runners now prepend `target/debug` before invoking `RunCommand`. Python examples initially failed under `--uv` when descriptors lacked `build:` steps, so selected script-only examples now provision PyArrow and the local Dora Python runtime via managed envs. This macOS host lacks CMake and `pkg-config`/Arrow C++, so Arrow C++ and CMake examples remain external-toolchain coverage.","fixed","bypassed-external","Nightly examples run `cmake-dataflow` only on Linux; rerun the all-language examples job in a prepared CI/toolchain environment for full closure. External infrastructure bypass approved by user on 2026-06-25; no further local validation required for this audit."
"EXAMPLE-002","Examples","Composition examples","README.md; examples/module-dataflow; examples/typed-dataflow","As a dataflow author, I want module and typed examples so I can learn composition and validation by example.","The module example expands/runs and typed example validates expected type annotations.","tested-pass","passed","`cargo run --quiet -p dora-cli -- expand examples/module-dataflow/dataflow.yml` passed and emitted flat module-expanded nodes; `cargo run --quiet -p dora-cli -- validate --strict-types examples/typed-dataflow/dataflow.yml` passed, while the mismatched strict-types fixture failed as expected. `cargo test -p dora-core descriptor` also passed module/type validation coverage.","2026-06-25","","none","passed",""
"EXAMPLE-003","Examples","Dynamic topology examples","README.md; examples/dynamic-add-remove; examples/cxx-dynamic-add-remove; examples/dynamic-agent-tools","As an operator, I want examples that add and remove nodes dynamically so I can learn live topology changes.","Dynamic examples demonstrate adding/removing tools or nodes and updating routes without full dataflow restart.","tested-pass","passed","`cargo test --test node-lifecycle-e2e lifecycle_rust_dynamic_add_remove -- --test-threads=1` passed with escalation; the test drives live `dora node add`, list/info, restart, stop, and remove behaviour against the Rust dynamic add/remove example.","2026-06-25","Requires local Dora services/runtime processes and IPC, so the test was run outside the sandbox.","none","passed","Python/C++ dynamic examples remain broader platform/example coverage and were not rerun here."
"EXAMPLE-004","Examples","Logging examples","README.md; examples/python-log; examples/python-logging; examples/log-sink-file; examples/log-sink-tcp; examples/log-sink-alert; examples/log-aggregator","As an operator, I want logging examples for Python and sink routes so I can adopt the right operational pattern.","Logging examples emit expected log records and sink examples route records to file, TCP, alert, or aggregate consumers.","tested-pass","passed","`cargo test -p dora-examples --test example-smoke smoke_log_sink -- --test-threads=1` passed `smoke_log_sink_alert`, `smoke_log_sink_file`, and `smoke_log_sink_tcp` with escalation. Later `cargo test -p dora-examples --test example-smoke smoke_local_python_ -- --test-threads=1` passed and included `smoke_local_python_log` plus `smoke_local_python_logging`.","2026-06-25","Requires local Dora services/runtime processes and IPC, so the smokes were run outside the sandbox. `python-logging` initially lacked descriptor build steps for its Python dependencies under `--uv`; the descriptor now provisions PyArrow in managed envs.","fixed","passed","Log aggregator example remains covered by source/docs rather than a dedicated smoke in this pass."
"EXAMPLE-005","Examples","Performance examples","README.md; examples/benchmark; examples/ros2-comparison; examples/cuda-benchmark","As a performance tester, I want benchmark examples so I can measure latency, throughput, ROS2 comparison, or GPU behavior on my hardware.","Benchmark examples build required nodes and produce comparable performance output; GPU and ROS2 examples require matching external runtimes.","bypassed","bypassed-external","`cargo run --example benchmark --release` passed with escalation, rebuilt release artifacts, built `benchmark-example-node` and `benchmark-example-sink`, ran the local dataflow, and printed latency percentiles plus throughput for payload sizes from 0B through 3MB. The 2026-06-25 rerun did not reproduce the prior Zenoh teardown timeout warning. `cargo test -p dora-examples --test example-smoke contract_ros2_comparison_declares_managed_dora_dependencies -- --test-threads=1` passed after adding managed PyArrow build steps to the Dora side of `examples/ros2-comparison/dataflow.yml`; `cargo run --quiet -p dora-cli -- validate examples/ros2-comparison/dataflow.yml` passed wiring and type checks. `cargo test -p dora-examples --test example-smoke contract_external_runtime_example_descriptors_validate -- --test-threads=1` passed static validation for the CUDA benchmark dataflows as well. ROS2 comparison and CUDA benchmark remain external-runtime examples.","2026-06-25","ROS2 comparison still needs a ROS2 runtime for the ROS2 half; CUDA benchmark needs an NVIDIA CUDA-capable environment. Before this pass, the ROS2 comparison dataflow lacked managed PyArrow build steps despite docs using `--uv`, and `scripts/smoke-all.sh` carried a stale note claiming dataflow paths were stale; both logistics issues are fixed.","fixed","bypassed-external","External infrastructure bypass approved by user on 2026-06-25; no further local validation required for this audit."
"EXAMPLE-006","Examples","Advanced Python examples","README.md; examples/python-async; examples/python-concurrent-rw; examples/python-multiple-arrays; examples/python-drain; examples/python-recv-async; examples/python-yolo-detection; examples/python-parquet-recorder","As a Python developer, I want examples for async, concurrency, multiple arrays, draining, ML, and parquet recording so I can model advanced nodes.","Each example runs with documented dependencies, exercises its advertised behavior, and fails clearly when optional dependencies are missing.","bypassed","bypassed-external","`cargo test -p dora-examples --test example-smoke smoke_local_python_ -- --test-threads=1` passed all 11 local Python smokes with escalation. The advanced subset covered `smoke_local_python_async`, `smoke_local_python_drain`, `smoke_local_python_multiple_arrays`, `smoke_local_python_concurrent_rw`, and `smoke_local_python_recv_async`. `python-recv-async` now has descriptor `build:` steps so `--uv` provisions PyArrow and the local Dora Python runtime. `cargo test -p dora-examples --test example-smoke contract_python_camera_examples_declare_managed_dependencies -- --test-threads=1` passed after adding managed package declarations to `python-parquet-recorder` and `python-yolo-detection`.","2026-06-25","The first broad local Python run failed in adjacent script-only examples (`python-dataflow`, `python-echo`, `python-logging`) because they relied on ambient `dora`/`pyarrow`; those descriptors and docs now use managed env build steps. The parquet and YOLO descriptors now provision their Python packages under `--uv`, but full runtime behavior still requires camera/OpenCV devices, display support, and YOLO model weights/network access where applicable.","fixed","bypassed-external","Optional camera/ML examples remain external-runtime coverage. External infrastructure bypass approved by user on 2026-06-25; no further local validation required for this audit."
"QA-001","QA tooling","Fast local QA gate","README.md; CLAUDE.md; docs/qa-runbook.md; Makefile","As a contributor, I want a fast QA target so I can catch format, lint, audit, typos, and unwrap-budget regressions before review.","`make qa-fast` runs the documented fast checks and fails on any required gate violation.","tested-pass","passed","`make qa-install` completed successfully after adding `typos-cli` to the install target and runbook. `make qa-fast` then passed fmt, workspace clippy, audit/deny, unwrap-budget, and typos checks on 2026-06-25.","2026-06-25","Earlier runs failed because `cargo-audit`, `cargo-deny`, `cargo-llvm-cov`, and `typos` were missing, and because the repo install target omitted `typos-cli`. The install target and documentation now include the missing tool, and the current fast gate passes.","fixed","passed","Keep running `make qa-fast` before review; no open fast-gate error remains."
"QA-002","QA tooling","Full and deep QA gates","README.md; docs/qa-runbook.md; docs/agentic-qa-policy.md","As a maintainer, I want tiered full, deep, nightly, examples, release, mutation, semver, Kani, and PGO gates so validation matches risk.","Each make target runs the documented command set, preflights required tools, and reports skipped platform-specific checks explicitly.","tested-pass","passed","`make qa-install` installed the required QA tools, including the newly added `typos-cli`. An initial `make qa-full` run then passed fmt, clippy, audit/deny, unwrap-budget, typos, full workspace tests, doctests, and adversarial review but failed coverage because the host disk was full. After deleting generated Cargo build artifacts, `scripts/qa/coverage.sh` passed and wrote `lcov.info`; the top-level retry `CARGO_INCREMENTAL=0 make qa-full` then passed all stages on 2026-06-25.","2026-06-25","Earlier failures were missing local QA tools and then host disk exhaustion in `target/llvm-cov-target`. The install target/runbook now include `typos-cli`; generated `target/debug`, `target/release`, and `target/llvm-cov-target` artifacts were removed to restore space; the full QA gate now passes. The optional `diff-cover` report was skipped because `diff-cover` is not installed, which the script treats as non-blocking.","fixed","passed","Keep enough free disk before running coverage-heavy gates; no open `qa-full` error remains."
